device,t_on_us,t_off_us,dur_s,energy_wh,source
kettle,1404132168000000,1404132276000000,108.0,92.08666666666667,rule_v1
kettle,1404142833000000,1404142917000000,84.0,73.45833333333333,rule_v1
kettle,1404214787000000,1404214889000000,102.0,89.83833333333334,rule_v1
kettle,1404231046000000,1404231136000000,90.0,76.90666666666667,rule_v1
kettle,1404241295000000,1404241403000000,108.0,91.81333333333333,rule_v1
kettle,1404295306000000,1404295438000000,132.0,109.94833333333334,rule_v1
kettle,1404311085000000,1404311175000000,90.0,76.65333333333334,rule_v1
kettle,1404323825000000,1404323903000000,78.0,68.38166666666666,rule_v1
kettle,1404330987000000,1404331078000000,91.0,78.17333333333333,rule_v1
kettle,1404376974000000,1404377064000000,90.0,76.77666666666667,rule_v1
kettle,1404397681000000,1404397771000000,90.0,78.40638888888888,rule_v1
kettle,1404476762000000,1404476858000000,96.0,80.01166666666667,rule_v1
kettle,1404505469000000,1404505554000000,85.0,73.92111111111112,rule_v1
kettle,1404571675000000,1404571814000000,139.0,116.6825,rule_v1
kettle,1404573463000000,1404573530000000,67.0,59.010555555555555,rule_v1
kettle,1404589312000000,1404589461000000,149.0,123.70277777777778,rule_v1
kettle,1404629617000000,1404629761000000,144.0,121.21,rule_v1
kettle,1404647900000000,1404648259000000,359.0,265.74333333333334,rule_v1
kettle,1404648517000000,1404648626000000,109.0,90.62972222222223,rule_v1
kettle,1404651487000000,1404651553000000,66.0,56.89666666666667,rule_v1
kettle,1404655908000000,1404656005000000,97.0,82.5225,rule_v1
kettle,1404675586000000,1404675779000000,193.0,158.5611111111111,rule_v1
kettle,1404676052000000,1404676154000000,102.0,84.84666666666666,rule_v1
kettle,1404742612000000,1404742738000000,126.0,106.12666666666667,rule_v1
kettle,1404757541000000,1404757667000000,126.0,104.75638888888889,rule_v1
kettle,1404764954000000,1404765044000000,90.0,77.14333333333333,rule_v1
kettle,1404813561000000,1404813663000000,102.0,86.905,rule_v1
kettle,1404820185000000,1404820239000000,54.0,48.42666666666667,rule_v1
kettle,1404833627000000,1404833711000000,84.0,73.36,rule_v1
kettle,1404908475000000,1404908583000000,108.0,93.8963888888889,rule_v1
kettle,1404919032000000,1404919093000000,61.0,54.60638888888889,rule_v1
kettle,1405002450000000,1405002558000000,108.0,92.39666666666666,rule_v1
kettle,1405075985000000,1405076094000000,109.0,95.2975,rule_v1
kettle,1405077328000000,1405077364000000,36.0,34.765,rule_v1
kettle,1405088187000000,1405088247000000,60.0,54.005,rule_v1
kettle,1405103553000000,1405103654000000,101.0,87.10666666666667,rule_v1
kettle,1405169816000000,1405169906000000,90.0,76.49833333333333,rule_v1
kettle,1405182499000000,1405182590000000,91.0,77.82805555555555,rule_v1
kettle,1405258613000000,1405258752000000,139.0,116.60138888888889,rule_v1
kettle,1405264636000000,1405264702000000,66.0,58.53333333333333,rule_v1
kettle,1405267208000000,1405267269000000,61.0,54.538333333333334,rule_v1
kettle,1405271659000000,1405271713000000,54.0,48.28666666666667,rule_v1
kettle,1405279014000000,1405279199000000,185.0,152.1338888888889,rule_v1
kettle,1405359315000000,1405359509000000,194.0,157.69694444444445,rule_v1
kettle,1405440616000000,1405440718000000,102.0,87.19166666666666,rule_v1
kettle,1405521015000000,1405521100000000,85.0,73.30666666666667,rule_v1
kettle,1405536767000000,1405536906000000,139.0,116.8775,rule_v1
kettle,1405597863000000,1405597953000000,90.0,75.74361111111111,rule_v1
kettle,1405612444000000,1405612552000000,108.0,89.15166666666667,rule_v1
kettle,1405775630000000,1405775759000000,129.0,107.20722222222223,rule_v1
kettle,1405803323000000,1405803413000000,90.0,75.86666666666666,rule_v1
kettle,1405862284000000,1405862410000000,126.0,106.7625,rule_v1
kettle,1405942369000000,1405942473000000,104.0,88.68,rule_v1
kettle,1406016690000000,1406016793000000,103.0,89.22888888888889,rule_v1
kettle,1406029647000000,1406029737000000,90.0,76.36916666666667,rule_v1
kettle,1406040437000000,1406040540000000,103.0,86.48777777777778,rule_v1
kettle,1406064736000000,1406064826000000,90.0,78.545,rule_v1
kettle,1406104357000000,1406104447000000,90.0,75.35333333333334,rule_v1
kettle,1406109156000000,1406109265000000,109.0,89.89611111111111,rule_v1
kettle,1406145484000000,1406145575000000,91.0,82.12361111111112,rule_v1
kettle,1406196120000000,1406196216000000,96.0,81.66194444444444,rule_v1
kettle,1406222802000000,1406223011000000,209.0,174.05,rule_v1
kettle,1406278184000000,1406278287000000,103.0,84.84138888888889,rule_v1
kettle,1406292996000000,1406293124000000,128.0,109.94555555555556,rule_v1
kettle,1406315633000000,1406315789000000,156.0,131.44833333333332,rule_v1
kettle,1406456764000000,1406456866000000,102.0,89.37555555555555,rule_v1
kettle,1406466987000000,1406467041000000,54.0,49.65,rule_v1
kettle,1406468321000000,1406468351000000,30.0,29.586666666666666,rule_v1
kettle,1406478243000000,1406478381000000,138.0,117.035,rule_v1
kettle,1406539511000000,1406539614000000,103.0,86.19805555555556,rule_v1
kettle,1406572101000000,1406572300000000,199.0,163.7511111111111,rule_v1
kettle,1406649575000000,1406649654000000,79.0,68.71833333333333,rule_v1
kettle,1406658494000000,1406658646000000,152.0,130.63805555555555,rule_v1
kettle,1406714436000000,1406714527000000,91.0,77.37222222222222,rule_v1
kettle,1406724946000000,1406725041000000,95.0,81.87027777777777,rule_v1
kettle,1406727240000000,1406727277000000,37.0,34.79555555555555,rule_v1
kettle,1406905222000000,1406905306000000,84.0,73.035,rule_v1
kettle,1406922184000000,1406922281000000,97.0,84.07305555555556,rule_v1
kettle,1406983500000000,1406983701000000,201.0,166.94027777777777,rule_v1
kettle,1407007660000000,1407007763000000,103.0,87.42222222222222,rule_v1
kettle,1407066544000000,1407066640000000,96.0,81.54583333333333,rule_v1
kettle,1407081164000000,1407081242000000,78.0,67.76166666666667,rule_v1
kettle,1407146646000000,1407146760000000,114.0,95.61138888888888,rule_v1
kettle,1407233593000000,1407233689000000,96.0,81.94833333333334,rule_v1
kettle,1407247884000000,1407247962000000,78.0,67.615,rule_v1
kettle,1407320271000000,1407320367000000,96.0,83.73833333333333,rule_v1
kettle,1407401729000000,1407401807000000,78.0,67.26416666666667,rule_v1
kettle,1407409586000000,1407409676000000,90.0,76.56166666666667,rule_v1
kettle,1407529842000000,1407529969000000,127.0,107.87277777777778,rule_v1
kettle,1407577936000000,1407578093000000,157.0,130.15972222222223,rule_v1
kettle,1407589470000000,1407589560000000,90.0,77.49666666666667,rule_v1
kettle,1407620197000000,1407620311000000,114.0,98.20833333333333,rule_v1
kettle,1407641844000000,1407642006000000,162.0,137.55805555555557,rule_v1
kettle,1407665778000000,1407665904000000,126.0,107.91,rule_v1
kettle,1407687995000000,1407688114000000,119.0,101.99694444444444,rule_v1
kettle,1407696649000000,1407696843000000,194.0,163.11777777777777,rule_v1
kettle,1407777831000000,1407778041000000,210.0,174.75444444444443,rule_v1
kettle,1407780131000000,1407780173000000,42.0,36.446666666666665,rule_v1
kettle,1407832972000000,1407833088000000,116.0,98.37055555555555,rule_v1
kettle,1407856480000000,1407856558000000,78.0,69.80166666666666,rule_v1
kettle,1407878898000000,1407878989000000,91.0,78.59666666666666,rule_v1
kettle,1407923863000000,1407923953000000,90.0,76.79861111111111,rule_v1
kettle,1407934374000000,1407934446000000,72.0,63.12833333333333,rule_v1
kettle,1407953699000000,1407953871000000,172.0,146.51583333333335,rule_v1
kettle,1407957204000000,1407957288000000,84.0,75.14333333333333,rule_v1
kettle,1408002612000000,1408002696000000,84.0,71.51833333333333,rule_v1
kettle,1408015547000000,1408015625000000,78.0,66.67333333333333,rule_v1
kettle,1408033110000000,1408033212000000,102.0,86.41,rule_v1
kettle,1408092469000000,1408092607000000,138.0,115.55,rule_v1
kettle,1408214709000000,1408214849000000,140.0,121.1913888888889,rule_v1
kettle,1408270450000000,1408270570000000,120.0,101.99333333333334,rule_v1
kettle,1408284741000000,1408284918000000,177.0,152.73666666666668,rule_v1
kettle,1408292016000000,1408292089000000,73.0,65.08694444444444,rule_v1
kettle,1408309280000000,1408309364000000,84.0,73.695,rule_v1
kettle,1408357791000000,1408357876000000,85.0,72.60138888888889,rule_v1
kettle,1408369346000000,1408369424000000,78.0,67.81694444444445,rule_v1
kettle,1408383481000000,1408383647000000,166.0,136.3375,rule_v1
kettle,1408439670000000,1408439760000000,90.0,77.33416666666666,rule_v1
kettle,1408467478000000,1408467569000000,91.0,78.23861111111111,rule_v1
kettle,1408475176000000,1408475410000000,234.0,189.675,rule_v1
kettle,1408518051000000,1408518159000000,108.0,94.20583333333333,rule_v1
kettle,1408531470000000,1408531647000000,177.0,145.68972222222223,rule_v1
kettle,1408539715000000,1408539793000000,78.0,67.62,rule_v1
kettle,1408616130000000,1408616238000000,108.0,89.60333333333334,rule_v1
kettle,1408618351000000,1408618382000000,31.0,30.290277777777778,rule_v1
kettle,1408646824000000,1408646921000000,97.0,85.71944444444445,rule_v1
kettle,1408656038000000,1408656202000000,164.0,131.95444444444445,rule_v1
kettle,1408695130000000,1408695238000000,108.0,90.45777777777778,rule_v1
kettle,1408710490000000,1408710573000000,83.0,72.09722222222223,rule_v1
kettle,1408787932000000,1408788022000000,90.0,75.93,rule_v1
kettle,1408799661000000,1408799745000000,84.0,73.89666666666666,rule_v1
kettle,1408807013000000,1408807140000000,127.0,108.76583333333333,rule_v1
kettle,1408816091000000,1408816206000000,115.0,97.49388888888889,rule_v1
kettle,1408819835000000,1408819962000000,127.0,107.86166666666666,rule_v1
kettle,1408823725000000,1408823803000000,78.0,66.74833333333333,rule_v1
kettle,1408828327000000,1408828387000000,60.0,53.14,rule_v1
kettle,1408877439000000,1408877535000000,96.0,81.13333333333334,rule_v1
kettle,1408881179000000,1408881270000000,91.0,77.02472222222222,rule_v1
kettle,1408884848000000,1408884968000000,120.0,101.005,rule_v1
kettle,1408891667000000,1408891793000000,126.0,106.28166666666667,rule_v1
kettle,1408957621000000,1408957783000000,162.0,134.46305555555554,rule_v1
kettle,1408961219000000,1408961273000000,54.0,50.344722222222224,rule_v1
kettle,1408977001000000,1408977103000000,102.0,89.6725,rule_v1
kettle,1408980085000000,1408980170000000,85.0,75.32083333333334,rule_v1
kettle,1408985830000000,1408985922000000,92.0,79.46194444444444,rule_v1
kettle,1408990922000000,1408991075000000,153.0,127.47972222222222,rule_v1
kettle,1409050451000000,1409050585000000,134.0,112.93083333333334,rule_v1
kettle,1409050973000000,1409051047000000,74.0,64.19916666666667,rule_v1
kettle,1409085834000000,1409085984000000,150.0,127.89,rule_v1
kettle,1409127691000000,1409127817000000,126.0,104.89833333333333,rule_v1
kettle,1409138862000000,1409139025000000,163.0,137.96722222222223,rule_v1
kettle,1409147661000000,1409147751000000,90.0,76.875,rule_v1
kettle,1409148915000000,1409148946000000,31.0,30.015833333333333,rule_v1
kettle,1409164689000000,1409164895000000,206.0,173.92138888888888,rule_v1
kettle,1409218297000000,1409218394000000,97.0,80.50694444444444,rule_v1
kettle,1409243476000000,1409243560000000,84.0,71.37,rule_v1
kettle,1409253620000000,1409253808000000,188.0,153.24527777777777,rule_v1
kettle,1409254012000000,1409254206000000,194.0,158.50055555555556,rule_v1
kettle,1409266392000000,1409266488000000,96.0,82.98,rule_v1
kettle,1409305678000000,1409305781000000,103.0,87.16888888888889,rule_v1
kettle,1409390300000000,1409390420000000,120.0,100.65333333333334,rule_v1
kettle,1409406174000000,1409406318000000,144.0,124.61833333333334,rule_v1
kettle,1409426837000000,1409426940000000,103.0,85.4161111111111,rule_v1
kettle,1409473163000000,1409473362000000,199.0,162.86694444444444,rule_v1
kettle,1409486137000000,1409486265000000,128.0,106.315,rule_v1
kettle,1409501740000000,1409501860000000,120.0,101.43416666666667,rule_v1
kettle,1409511361000000,1409511559000000,198.0,159.86416666666668,rule_v1
kettle,1409564384000000,1409564486000000,102.0,85.8475,rule_v1
kettle,1409566724000000,1409566760000000,36.0,33.10333333333333,rule_v1
kettle,1409572161000000,1409572312000000,151.0,126.08722222222222,rule_v1
kettle,1409585896000000,1409585974000000,78.0,67.96833333333333,rule_v1
kettle,1409650694000000,1409650796000000,102.0,85.29166666666667,rule_v1
kettle,1409657555000000,1409657725000000,170.0,139.6563888888889,rule_v1
kettle,1409676746000000,1409676824000000,78.0,66.81,rule_v1
kettle,1409692360000000,1409692511000000,151.0,128.57638888888889,rule_v1
kettle,1409736367000000,1409736475000000,108.0,90.15583333333333,rule_v1
kettle,1409766293000000,1409766397000000,104.0,99.63916666666667,rule_v1
kettle,1409767948000000,1409767979000000,31.0,30.391666666666666,rule_v1
kettle,1409771870000000,1409772041000000,171.0,140.88972222222222,rule_v1
kettle,1409782778000000,1409782869000000,91.0,79.47777777777777,rule_v1
kettle,1409825829000000,1409825932000000,103.0,87.42888888888889,rule_v1
kettle,1409916908000000,1409916981000000,73.0,61.8025,rule_v1
kettle,1409923743000000,1409923810000000,67.0,59.76222222222222,rule_v1
kettle,1409993108000000,1409993198000000,90.0,76.25833333333334,rule_v1
kettle,1409994458000000,1409994554000000,96.0,81.75222222222222,rule_v1
kettle,1410082839000000,1410082967000000,128.0,108.59055555555555,rule_v1
