device,t_on_us,t_off_us,source
washing_machine,1365443370000000,1365451384000000,manual_review_v1
washing_machine,1359198945000000,1359206771000000,manual_review_v1
washing_machine,1365011119000000,1365019199000000,manual_review_v1
washing_machine,1363092534000000,1363100153000000,manual_review_v1
washing_machine,1367748444000000,1367756361000000,manual_review_v1
washing_machine,1363525835000000,1363533246000000,manual_review_v1
washing_machine,1368378107000000,1368385592000000,manual_review_v1
washing_machine,1367248253000000,1367255327000000,manual_review_v1
washing_machine,1365943218000000,1365950149000000,manual_review_v1
washing_machine,1368968052000000,1368975072000000,manual_review_v1
washing_machine,1380553592000000,1380560574000000,manual_review_v1
washing_machine,1357760585000000,1357767180000000,manual_review_v1
washing_machine,1366310887000000,1366317248000000,manual_review_v1
washing_machine,1359292999000000,1359299533000000,manual_review_v1
washing_machine,1379596871000000,1379603570000000,manual_review_v1
washing_machine,1377776437000000,1377783159000000,manual_review_v1
washing_machine,1361193674000000,1361200024000000,manual_review_v1
washing_machine,1368984997000000,1368991000000000,manual_review_v1
washing_machine,1359209690000000,1359215855000000,manual_review_v1
washing_machine,1364135596000000,1364141745000000,manual_review_v1
