device,t_on_us,t_off_us,source,house
washing_machine,1369568276000000,1369573406000000,manual_review_v1,
washing_machine,1372500720000000,1372505717000000,manual_review_v1,
washing_machine,1373119146000000,1373121957000000,manual_review_v1,
washing_machine,1375614076000000,1375616774000000,manual_review_v1,
washing_machine,1374226400000000,1374231109000000,manual_review_v1,
washing_machine,1370688433000000,1370690995000000,manual_review_v1,
washing_machine,1369558841000000,1369561485000000,manual_review_v1,
washing_machine,1371380193000000,1371382818000000,manual_review_v1,
washing_machine,1370171850000000,1370174426000000,manual_review_v1,
washing_machine,1370780556000000,1370783097000000,manual_review_v1,
washing_machine,1370168403000000,1370170823000000,manual_review_v1,
washing_machine,1369564707000000,1369567276000000,manual_review_v1,
washing_machine,1371282739000000,1371285080000000,manual_review_v1,
washing_machine,1371975695000000,1371978175000000,manual_review_v1,
washing_machine,1372592892000000,1372595291000000,manual_review_v1,
washing_machine,1371894636000000,1371897050000000,manual_review_v1,
washing_machine,1373709507000000,1373711987000000,manual_review_v1,
washing_machine,1374667523000000,1374669884000000,manual_review_v1,
washing_machine,1373110423000000,1373112662000000,manual_review_v1,
washing_machine,1375358033000000,1375360565000000,manual_review_v1,
dishwasher,1372876054000000,1372880707000000,manual_review_v1,
dishwasher,1369561578000000,1369566065000000,manual_review_v1,
dishwasher,1375038576000000,1375042938000000,manual_review_v1,
dishwasher,1371888992000000,1371893281000000,manual_review_v1,
dishwasher,1369508593000000,1369511742000000,manual_review_v1,
dishwasher,1374948831000000,1374953099000000,manual_review_v1,
dishwasher,1369250775000000,1369253876000000,manual_review_v1,
dishwasher,1369165111000000,1369168116000000,manual_review_v1,
dishwasher,1370022031000000,1370025033000000,manual_review_v1,
dishwasher,1369940787000000,1369943776000000,manual_review_v1,
dishwasher,1369594640000000,1369597595000000,manual_review_v1,
dishwasher,1369766670000000,1369769619000000,manual_review_v1,
dishwasher,1370111449000000,1370114424000000,manual_review_v1,
dishwasher,1369680448000000,1369683387000000,manual_review_v1,
dishwasher,1370198643000000,1370201554000000,manual_review_v1,
dishwasher,1370799688000000,1370802615000000,manual_review_v1,
dishwasher,1369342333000000,1369345273000000,manual_review_v1,
dishwasher,1369853846000000,1369856768000000,manual_review_v1,
dishwasher,1372531411000000,1372534769000000,manual_review_v1,
dishwasher,1371150682000000,1371153615000000,manual_review_v1,
running_machine,1368287036000000,1368289532000000,manual_review_v2,house_2
running_machine,1367763067000000,1367765310000000,manual_review_v2,house_2
running_machine,1368627937000000,1368629363000000,manual_review_v2,house_2
running_machine,1369236489000000,1369238041000000,manual_review_v2,house_2
running_machine,1371922054000000,1371923051000000,manual_review_v2,house_2
running_machine,1372001276000000,1372002263000000,manual_review_v2,house_2
running_machine,1368461311000000,1368462621000000,manual_review_v2,house_2
running_machine,1368367563000000,1368368981000000,manual_review_v2,house_2
running_machine,1369685644000000,1369687103000000,manual_review_v2,house_2
running_machine,1368539021000000,1368540332000000,manual_review_v2,house_2
running_machine,1372525177000000,1372526160000000,manual_review_v2,house_2
running_machine,1375542577000000,1375543558000000,manual_review_v2,house_2
running_machine,1375634583000000,1375635565000000,manual_review_v2,house_2
running_machine,1372867737000000,1372868718000000,manual_review_v2,house_2
running_machine,1367848841000000,1367850084000000,manual_review_v2,house_2
running_machine,1366642870000000,1366643854000000,manual_review_v2,house_2
running_machine,1368094162000000,1368095302000000,manual_review_v2,house_2
running_machine,1371319664000000,1371320643000000,manual_review_v2,house_2
running_machine,1368457975000000,1368458958000000,manual_review_v2,house_2
running_machine,1367076552000000,1367077537000000,manual_review_v2,house_2
rice_cooker,1367341628000000,1367343833000000,manual_review_v2,house_2
rice_cooker,1367428420000000,1367430280000000,manual_review_v2,house_2
rice_cooker,1374403735000000,1374406522000000,manual_review_v2,house_2
rice_cooker,1374940656000000,1374943429000000,manual_review_v2,house_2
rice_cooker,1367081126000000,1367082686000000,manual_review_v2,house_2
rice_cooker,1367685221000000,1367687365000000,manual_review_v2,house_2
rice_cooker,1375029792000000,1375031371000000,manual_review_v2,house_2
rice_cooker,1374772832000000,1374774975000000,manual_review_v2,house_2
rice_cooker,1366816353000000,1366818050000000,manual_review_v2,house_2
rice_cooker,1368118763000000,1368120304000000,manual_review_v2,house_2
rice_cooker,1375206717000000,1375208861000000,manual_review_v2,house_2
rice_cooker,1373820798000000,1373823771000000,manual_review_v2,house_2
rice_cooker,1366563721000000,1366565202000000,manual_review_v2,house_2
rice_cooker,1370453358000000,1370454921000000,manual_review_v2,house_2
rice_cooker,1368633947000000,1368635603000000,manual_review_v2,house_2
rice_cooker,1373562957000000,1373564895000000,manual_review_v2,house_2
rice_cooker,1369586884000000,1369588364000000,manual_review_v2,house_2
rice_cooker,1366218678000000,1366220280000000,manual_review_v2,house_2
rice_cooker,1371051700000000,1371052939000000,manual_review_v2,house_2
rice_cooker,1368375677000000,1368377484000000,manual_review_v2,house_2
toaster,1374923537000000,1374923878000000,manual_review_v2,house_2
toaster,1375380514000000,1375380665000000,manual_review_v2,house_2
toaster,1370781557000000,1370781682000000,manual_review_v2,house_2
toaster,1375604817000000,1375604931000000,manual_review_v2,house_2
toaster,1375604550000000,1375604666000000,manual_review_v2,house_2
toaster,1373219023000000,1373219134000000,manual_review_v2,house_2
toaster,1369158948000000,1369159056000000,manual_review_v2,house_2
toaster,1370178014000000,1370178128000000,manual_review_v2,house_2
toaster,1375294989000000,1375295098000000,manual_review_v2,house_2
toaster,1370279320000000,1370279423000000,manual_review_v2,house_2
toaster,1369849311000000,1369849414000000,manual_review_v2,house_2
toaster,1371147433000000,1371147536000000,manual_review_v2,house_2
toaster,1369246773000000,1369246875000000,manual_review_v2,house_2
toaster,1370193924000000,1370194026000000,manual_review_v2,house_2
toaster,1369652852000000,1369652951000000,manual_review_v2,house_2
toaster,1370019654000000,1370019746000000,manual_review_v2,house_2
toaster,1374924510000000,1374924601000000,manual_review_v2,house_2
toaster,1369589720000000,1369589811000000,manual_review_v2,house_2
toaster,1369568528000000,1369568624000000,manual_review_v2,house_2
toaster,1373130389000000,1373130488000000,manual_review_v2,house_2
